1744116152666370455,1744116152669168954,2798499
1744116153669165904,1744116153670513766,1347862
1744116154670697007,1744116154671973644,1276637
1744116155672250109,1744116155673388663,1138554
1744116156673269334,1744116156674357111,1087777
1744116157674576918,1744116157675672741,1095823
1744116158675879936,1744116158677040993,1161057
1744116159677361781,1744116159678560730,1198949
1744116160678867467,1744116160680036359,1168892
1744116161679816483,1744116161681049256,1232773
1744116162681369580,1744116162682490391,1120811
1744116163682798230,1744116163683936584,1138354
1744116164684312345,1744116164685485906,1173561
1744116165685624436,1744116165686698498,1074062
1744116166686424435,1744116166687657518,1233083
1744116167687820869,1744116167688887786,1066917
1744116168688612823,1744116168689637952,1025129
1744116169690039526,1744116169691213357,1173831
1744116170691678644,1744116170692872383,1193739
1744116171693329175,1744116171694725780,1396605
1744116172695079465,1744116172696301327,1221862
1744116173696617334,1744116173697836171,1218837
1744116174698145776,1744116174699286103,1140327
1744116175699568108,1744116175700811802,1243694
1744116176700643751,1744116176701798857,1155106
1744116177702084186,1744116177703325585,1241399
1744116178703721221,1744116178704845197,1123976
1744116179705235010,1744116179706486488,1251478
1744116180707033921,1744116180708251916,1217995
1744116181708471946,1744116181709600912,1128966
1744116182709890900,1744116182711024635,1133735
1744116183711303831,1744116183712540802,1236971
1744116184712678189,1744116184713946450,1268261
1744116185714176616,1744116185715289972,1113356
1744116186715851637,1744116186716931369,1079732
1744116187717141819,1744116187718355607,1213788
1744116188718658021,1744116188719871417,1213396
1744116189719952572,1744116189721314982,1362410
1744116190721511870,1744116190722728944,1217074
1744116191723478753,1744116191724631855,1153102
1744116192724869580,1744116192726091142,1221562
1744116193726549318,1744116193727708381,1159063
1744116194727828195,1744116194728964285,1136090
1744116195729289990,1744116195730345236,1055246
1744116196730953052,1744116196732083671,1130619
1744116197732369352,1744116197733524517,1155165
1744116198733822824,1744116198734936832,1114008
1744116199735179938,1744116199736326156,1146218
1744116200736488948,1744116200737715329,1226381
1744116201737935210,1744116201739102528,1167318
1744116202739155643,1744116202740180080,1024437
1744116203740510445,1744116203741692542,1182097
1744116204741832814,1744116204742961399,1128585
1744116205743200652,1744116205744335379,1134727
1744116206744323184,1744116206745630860,1307676
1744116207745479851,1744116207746632302,1152451
1744116208746871146,1744116208748166518,1295372
1744116209748056862,1744116209749279496,1222634
1744116210749606138,1744116210750738491,1132353
1744116211750936059,1744116211752010411,1074352
1744116212752304564,1744116212753471322,1166758
1744116213753709722,1744116213754887250,1177528
1744116214755083799,1744116214756232894,1149095
1744116215756494548,1744116215757647510,1152962
1744116216757523832,1744116216758679389,1155557
1744116217758910588,1744116217760097394,1186806
1744116218760405289,1744116218761667819,1262530
1744116219761871929,1744116219763039097,1167168
1744116220763194855,1744116220764455952,1261097
1744116221764301672,1744116221765597295,1295623
1744116222765805885,1744116222766962974,1157089
1744116223767329246,1744116223768608197,1278951
1744116224768929653,1744116224770084117,1154464
1744116225770147605,1744116225771292461,1144856
1744116226771113288,1744116226772334219,1220931
1744116227772480968,1744116227773679496,1198528
1744116228774214042,1744116228775481461,1267419
1744116229775469217,1744116229776518952,1049735
1744116230776848119,1744116230778012652,1164533
1744116231778392659,1744116231779609832,1217173
1744116232779895638,1744116232781097002,1201364
1744116233781324639,1744116233782480886,1156247
1744116234782806060,1744116234784019537,1213477
1744116235784368036,1744116235785576583,1208547
1744116236786018761,1744116236787151625,1132864
1744116237787466763,1744116237788655242,1188479
1744116238788842946,1744116238789969628,1126682
1744116239790274959,1744116239791420677,1145718
1744116240791787576,1744116240792965084,1177508
1744116241793114029,1744116241794389974,1275945
1744116242794786360,1744116242795920075,1133715
1744116243796256248,1744116243797452361,1196113
1744116244797746526,1744116244798897764,1151238
1744116245799213562,1744116245800342287,1128725
1744116246800888291,1744116246802071029,1182738
1744116247802295222,1744116247803523927,1228705
1744116248803722914,1744116248804848424,1125510
1744116249805097038,1744116249806302450,1205412
1744116250806668352,1744116250807821635,1153283
1744116251808103614,1744116251809260333,1156719
1744116252809302004,1744116252810741430,1439426
1744116253811038148,1744116253812167786,1129638
1744116254812506152,1744116254813703899,1197747
1744116255813954560,1744116255815078537,1123977
1744116256815217677,1744116256816472311,1254634
1744116257816540928,1744116257817690002,1149074
1744116258817986027,1744116258819193031,1207004
1744116259819228846,1744116259820243605,1014759
1744116260820280175,1744116260821401396,1121221
1744116261821472209,1744116261822506986,1034777
1744116262822692381,1744116262823857927,1165546
1744116263824106893,1744116263825277919,1171026
1744116264825335774,1744116264826655082,1319308
1744116265826943823,1744116265828111403,1167580
1744116266828687144,1744116266829935326,1248182
1744116267830347847,1744116267831539302,1191455
1744116268831740542,1744116268832933761,1193219
1744116269833181318,1744116269834321214,1139896
1744116270834685345,1744116270835817327,1131982
1744116271836028210,1744116271837176753,1148543
1744116272837485700,1744116272838682946,1197246
1744116273838961376,1744116273840173310,1211934
1744116274840500697,1744116274841756654,1255957
1744116275841857007,1744116275843015279,1158272
1744116276843249648,1744116276844415034,1165386
1744116277844738345,1744116277845995775,1257430
1744116278846316621,1744116278847592666,1276045
1744116279847928000,1744116279849178858,1250858
1744116280849521577,1744116280850716418,1194841
1744116281850962806,1744116281852098595,1135789
1744116282852478826,1744116282853650393,1171567
1744116283853974202,1744116283855239607,1265405
1744116284855534928,1744116284856814140,1279212
1744116285857148481,1744116285858284510,1136029
1744116286858324849,1744116286859610012,1285163
1744116287859887103,1744116287861137550,1250447
1744116288861424060,1744116288862604113,1180053
1744116289862494170,1744116289863659776,1165606
1744116290863912261,1744116290865095039,1182778
1744116291865327172,1744116291866419348,1092176
1744116292866753410,1744116292867874762,1121352
1744116293868191105,1744116293869361650,1170545
1744116294869353304,1744116294870617517,1264213
1744116295870493982,1744116295871671119,1177137
1744116296871377457,1744116296872583740,1206283
1744116297872922557,1744116297874095266,1172709
1744116298874296343,1744116298875544696,1248353
1744116299875736767,1744116299876934764,1197997
1744116300877254909,1744116300878412760,1157851
1744116301878383843,1744116301879637255,1253412
1744116302879945038,1744116302881222787,1277749
1744116303881569284,1744116303882737836,1168552
1744116304882540801,1744116304883708541,1167740
1744116305883997862,1744116305885125806,1127944
1744116306885289860,1744116306886556548,1266688
1744116307886873201,1744116307888056771,1183570
1744116308888386382,1744116308889617873,1231491
1744116309889976799,1744116309891165949,1189150
1744116310891402717,1744116310892574824,1172107
1744116311892417901,1744116311893706541,1288640
1744116312893934731,1744116312895088525,1153794
1744116313895387270,1744116313896589726,1202456
1744116314896929150,1744116314898190007,1260857
1744116315898549421,1744116315899685099,1135678
1744116316899868879,1744116316901000991,1132112
1744116317901193737,1744116317902298638,1104901
1744116318902501316,1744116318903651593,1150277
1744116319903704306,1744116319904872126,1167820
1744116320905221885,1744116320906329210,1107325
1744116321906661186,1744116321907770545,1109359
1744116322907815865,1744116322908926827,1110962
1744116323909136604,1744116323910302390,1165786
1744116324910348846,1744116324911473784,1124938
1744116325911542713,1744116325912696326,1153613
1744116326912419778,1744116326913551198,1131420
1744116327913752222,1744116327914946021,1193799
1744116328915276751,1744116328916486781,1210030
1744116329916614236,1744116329917795401,1181165
1744116330918037844,1744116330919307768,1269924
1744116331918948770,1744116331920136077,1187307
1744116332920491405,1744116332921689001,1197596
1744116333921661677,1744116333922859143,1197466
1744116334923000488,1744116334924128662,1128174
1744116335924675388,1744116335925907710,1232322
1744116336925861430,1744116336927089725,1228295
1744116337927390767,1744116337928647967,1257200
1744116338928898983,1744116338930077804,1178821
1744116339930261351,1744116339931505486,1244135
1744116340931752489,1744116340932963211,1210722
1744116341932774845,1744116341933974715,1199870
1744116342934224623,1744116342935401541,1176918
1744116343935617937,1744116343936765107,1147170
1744116344936963299,1744116344938039134,1075835
1744116345938624503,1744116345939693695,1069192
1744116346939410301,1744116346940543345,1133044
1744116347940862802,1744116347941982209,1119407
1744116348942362059,1744116348943585625,1223566
1744116349943657831,1744116349944740429,1082598
1744116350945094593,1744116350946281078,1186485
1744116351946893163,1744116351948092763,1199600
1744116352948402704,1744116352949615910,1213206
1744116353949854266,1744116353951030151,1175885
1744116354951350655,1744116354952524206,1173551
1744116355952732204,1744116355953926324,1194120
1744116356954098737,1744116356955298728,1199991
1744116357955391834,1744116357956520008,1128174
1744116358956686970,1744116358957856643,1169673
1744116359957969496,1744116359959234701,1265205
1744116360959399543,1744116360960548127,1148584
1744116361960236586,1744116361961374950,1138364
1744116362961776140,1744116362962914063,1137923
1744116363963260383,1744116363964411591,1151208
1744116364964764233,1744116364965885905,1121672
1744116365966195977,1744116365967393443,1197466
1744116366967521049,1744116366968691955,1170906
1744116367968902540,1744116367970085669,1183129
1744116368970068059,1744116368971105582,1037523
1744116369971350897,1744116369972411483,1060586
1744116370972644180,1744116370973878286,1234106
1744116371973959870,1744116371975081422,1121552
1744116372975463114,1744116372976657624,1194510
1744116373976893151,1744116373978028499,1135348
1744116374978115835,1744116374979202491,1086656
1744116375979597123,1744116375980758300,1161177
1744116376980948263,1744116376982179964,1231701
1744116377982414182,1744116377983621567,1207385
1744116378984148051,1744116378985351448,1203397
1744116379985374776,1744116379986633559,1258783
1744116380986735118,1744116380987927555,1192437
1744116381988163189,1744116381989325067,1161878
1744116382989503313,1744116382990690861,1187548
1744116383991020005,1744116383992289538,1269533
1744116384992750772,1744116384994005076,1254304
1744116385994306901,1744116385995539293,1232392
1744116386995869979,1744116386996995619,1125640
1744116387997348673,1744116387998524027,1175354
1744116388998820330,1744116389000027956,1207626
1744116390000376892,1744116390001624594,1247702
1744116391001908387,1744116391003184764,1276377
1744116392003207631,1744116392004323031,1115400
1744116393004965960,1744116393006068846,1102886
1744116394006407987,1744116394007630130,1222143
1744116395008027040,1744116395009196793,1169753
1744116396009244531,1744116396010374018,1129487
1744116397010304927,1744116397011501020,1196093
1744116398011737627,1744116398012983566,1245939
1744116399013259040,1744116399014381103,1122063
1744116400014680183,1744116400015972320,1292137
1744116401016309804,1744116401017556584,1246780
1744116402017522590,1744116402018759932,1237342
1744116403019094931,1744116403020262460,1167529
1744116404020279586,1744116404021612920,1333334
1744116405021878891,1744116405022973592,1094701
1744116406023211672,1744116406024469333,1257661
1744116407024254330,1744116407025384769,1130439
1744116408025614222,1744116408026826887,1212665
1744116409027021476,1744116409028186902,1165426
1744116410028195353,1744116410030087200,1891847
1744116411030705695,1744116411031964187,1258492
1744116412031978215,1744116412033139452,1161237
1744116413033502904,1744116413034766927,1264023
1744116414035071007,1744116414036272080,1201073
1744116415036608382,1744116415037777494,1169112
1744116416038058712,1744116416039291987,1233275
1744116417039529603,1744116417040753399,1223796
1744116418040983240,1744116418042196346,1213106
1744116419042540377,1744116419043793128,1252751
1744116420044071674,1744116420045220007,1148333
1744116421045734491,1744116421046898514,1164023
1744116422046627889,1744116422047791852,1163963
1744116423048041305,1744116423049224194,1182889
1744116424049602203,1744116424050817313,1215110
1744116425051046658,1744116425052252591,1205933
1744116426052487058,1744116426053676569,1189511
1744116427053339720,1744116427054516417,1176697
1744116428054638584,1744116428055828726,1190142
1744116429056153376,1744116429057283775,1130399
1744116430057610520,1744116430058794831,1184311
1744116431059011028,1744116431060272275,1261247
1744116432060481780,1744116432061719503,1237723
1744116433061898884,1744116433063079809,1180925
1744116434063242435,1744116434064401879,1159444
1744116435064733626,1744116435065907979,1174353
1744116436066079577,1744116436067303584,1224007
1744116437067535053,1744116437068817310,1282257
1744116438068919838,1744116438070017214,1097376
1744116439070520109,1744116439071639767,1119658
1744116440071692762,1744116440072819344,1126582
1744116441072488999,1744116441073918306,1429307
1744116442073619432,1744116442074703734,1084302
1744116443075227193,1744116443076360698,1133505
1744116444076096940,1744116444077295889,1198949
1744116445077519121,1744116445078707009,1187888
1744116446078771159,1744116446079912840,1141681
1744116447080138106,1744116447081258806,1120700
1744116448081374415,1744116448082415253,1040838
1744116449082600345,1744116449083759148,1158803
1744116450084086149,1744116450085224123,1137974
1744116451085627721,1744116451086817483,1189762
1744116452086941620,1744116452088077640,1136020
1744116453088151202,1744116453089316537,1165335
1744116454089560655,1744116454090750817,1190162
1744116455091005445,1744116455092068496,1063051
1744116456092283329,1744116456093382769,1099440
1744116457093316047,1744116457094612572,1296525
1744116458094787982,1744116458095861643,1073661
1744116459095984354,1744116459097162583,1178229
1744116460097091607,1744116460098240772,1149165
1744116461098535239,1744116461099605063,1069824
1744116462099616435,1744116462100743878,1127443
1744116463101042736,1744116463102271662,1228926
1744116464102598145,1744116464103752299,1154154
1744116465104078010,1744116465105189773,1111763
1744116466105585897,1744116466106772042,1186145
1744116467107050997,1744116467108181396,1130399
1744116468108236755,1744116468109405798,1169043
1744116469109875074,1744116469111116614,1241540
1744116470111406691,1744116470112565474,1158783
1744116471112909644,1744116471114104165,1194521
1744116472114347223,1744116472115419111,1071888
1744116473115761077,1744116473116904180,1143103
1744116474117178071,1744116474118287600,1109529
1744116475118513499,1744116475119752014,1238515
1744116476119768606,1744116476120878807,1110201
1744116477120959120,1744116477122122221,1163101
1744116478122284422,1744116478123366158,1081736
1744116479123717949,1744116479124972774,1254825
1744116480125140144,1744116480126280141,1139997
1744116481126704203,1744116481127825214,1121011
1744116482128014058,1744116482129236853,1222795
1744116483129610037,1744116483130879871,1269834
1744116484131343749,1744116484132521668,1177919
1744116485132841752,1744116485133938867,1097115
1744116486134290085,1744116486135468445,1178360
1744116487135714942,1744116487136868044,1153102
1744116488137151170,1744116488138293071,1141901
1744116489138636483,1744116489139812288,1175805
1744116490140063958,1744116490141225957,1161999
1744116491141553040,1744116491142719247,1166207
1744116492142633667,1744116492143850029,1216362
1744116493144186231,1744116493145387625,1201394
1744116494145619399,1744116494146814510,1195111
1744116495147006129,1744116495148205128,1198999
1744116496148550509,1744116496149766631,1216122
1744116497150035317,1744116497151200733,1165416
1744116498151532329,1744116498152681894,1149565
1744116499152485750,1744116499153589959,1104209
1744116500153877001,1744116500155033750,1156749
1744116501155026475,1744116501156179006,1152531
1744116502156488756,1744116502157663830,1175074
1744116503158007923,1744116503159117903,1109980
1744116504159466448,1744116504160635961,1169513
1744116505160958446,1744116505162107560,1149114
1744116506162501459,1744116506163718552,1217093
1744116507163599531,1744116507164722306,1122775
1744116508164929735,1744116508166165334,1235599
1744116509166305325,1744116509167493814,1188489
1744116510167770576,1744116510168940209,1169633
1744116511169179640,1744116511170425268,1245628
1744116512170512990,1744116512171663227,1150237
1744116513171880900,1744116513172969179,1088279
1744116514173243088,1744116514174281722,1038634
1744116515174489897,1744116515175672214,1182317
1744116516175971525,1744116516177162038,1190513
1744116517177483558,1744116517178642090,1158532
1744116518178935090,1744116518180079045,1143955
1744116519180475078,1744116519181632429,1157351
1744116520181944586,1744116520183123948,1179362
1744116521183386087,1744116521184629881,1243794
1744116522184866205,1744116522185994069,1127864
1744116523186331927,1744116523187594588,1262661
1744116524187912436,1744116524189119951,1207515
1744116525189313806,1744116525190534968,1221162
1744116526190793295,1744116526192020639,1227344
1744116527192322161,1744116527193512454,1190293
1744116528193750534,1744116528194850785,1100251
1744116529195208728,1744116529196327084,1118356
1744116530196603996,1744116530198320820,1716824
1744116531198527684,1744116531199810512,1282828
1744116532200028418,1744116532201168866,1140448
1744116533201507491,1744116533202641207,1133716
1744116534202958843,1744116534204090434,1131591
1744116535204277604,1744116535205410077,1132473
1744116536205845369,1744116536207046582,1201213
1744116537207243360,1744116537208344172,1100812
1744116538208695436,1744116538209890468,1195032
1744116539210194803,1744116539212311126,2116323
1744116540213406444,1744116540214672742,1266298
1744116541214987287,1744116541216121163,1133876
1744116542216256096,1744116542217530038,1273942
1744116543217885072,1744116543219140038,1254966
1744116544219483110,1744116544220660378,1177268
1744116545220716276,1744116545221824833,1108557
1744116546222060752,1744116546223108514,1047762
1744116547223236579,1744116547224276486,1039907
1744116548224497951,1744116548225596069,1098118
1744116549225720286,1744116549226832060,1111774
1744116550227162452,1744116550228348877,1186425
1744116551228564192,1744116551229695212,1131020
1744116552229542096,1744116552230793785,1251689
1744116553231143706,1744116553232289424,1145718
1744116554232586667,1744116554233733317,1146650
1744116555234016743,1744116555235143865,1127122
1744116556235369521,1744116556236591034,1221513
1744116557236748201,1744116557237891655,1143454
1744116558238079943,1744116558239230440,1150497
1744116559239536462,1744116559240684324,1147862
1744116560241040781,1744116560242243668,1202887
1744116561242503163,1744116561243673568,1170405
1744116562243698147,1744116562244918357,1220210
1744116563245332780,1744116563246472707,1139927
1744116564246668771,1744116564247862120,1193349
1744116565248118992,1744116565249407412,1288420
1744116566249633697,1744116566250875417,1241720
1744116567250977767,1744116567252228384,1250617
1744116568252573596,1744116568253815116,1241520
1744116569253956254,1744116569255188386,1232132
1744116570255512589,1744116570256703813,1191224
1744116571256929773,1744116571258083907,1154134
1744116572258372993,1744116572259571211,1198218
1744116573259857236,1744116573261018684,1161448
1744116574261310478,1744116574262525007,1214529
1744116575262825120,1744116575264011365,1186245
1744116576264208271,1744116576265376642,1168371
1744116577265860084,1744116577266999700,1139616
1744116578267315685,1744116578268465060,1149375
1744116579268777847,1744116579269944415,1166568
1744116580270241174,1744116580271398754,1157580
1744116581271664053,1744116581272778392,1114339
1744116582272989920,1744116582274137431,1147511
1744116583274415125,1744116583275655764,1240639
1744116584275831065,1744116584276969179,1138114
1744116585277232498,1744116585278468908,1236410
1744116586278688645,1744116586279877375,1188730
1744116587280022070,1744116587281306171,1284101
1744116588281521139,1744116588282696974,1175835
1744116589283071947,1744116589284214600,1142653
1744116590284523058,1744116590285683374,1160316
1744116591285741055,1744116591286946807,1205752
1744116592287307505,1744116592288453454,1145949
1744116593288703122,1744116593289918042,1214920
1744116594290232495,1744116594291428639,1196144
1744116595291690401,1744116595292877688,1187287
1744116596293020675,1744116596294228522,1207847
1744116597294483402,1744116597295677963,1194561
1744116598295691395,1744116598296752963,1061568
1744116599297090312,1744116599298249476,1159164
1744116600298569362,1744116600299705282,1135920
1744116601299996234,1744116601301121984,1125750
1744116602301496143,1744116602302610591,1114448
1744116603302928087,1744116603304156693,1228606
1744116604304646834,1744116604305785339,1138505
1744116605306001012,1744116605307063712,1062700
1744116606307380994,1744116606308562220,1181226
1744116607308756162,1744116607309901158,1144996
1744116608310215231,1744116608311334729,1119498
1744116609311670131,1744116609312934835,1264704
1744116610313263395,1744116610314528099,1264704
1744116611314847812,1744116611316006344,1158532
1744116612316473799,1744116612317679501,1205702
1744116613317881051,1744116613319048410,1167359
1744116614319166041,1744116614320268046,1102005
1744116615320252747,1744116615321375681,1122934
1744116616321518498,1744116616322674666,1156168
1744116617322721016,1744116617323790249,1069233
1744116618323929413,1744116618325062397,1132984
1744116619325021368,1744116619326579971,1558603
1744116620326799692,1744116620327970759,1171067
1744116621328148829,1744116621329321558,1172729
1744116622329629487,1744116622330837012,1207525
1744116623331156283,1744116623332393766,1237483
1744116624332242432,1744116624333404781,1162349
1744116625333571411,1744116625334775220,1203809
1744116626335024238,1744116626336230461,1206223
1744116627336416500,1744116627337642501,1226001
1744116628337872124,1744116628339086032,1213908
1744116629339392413,1744116629340667767,1275354
1744116630340935924,1744116630342103353,1167429
1744116631342171490,1744116631343324572,1153082
1744116632343982622,1744116632345204725,1222103
1744116633345239753,1744116633346399628,1159875
1744116634346535668,1744116634347670245,1134577
1744116635347719527,1744116635348976076,1256549
1744116636349246612,1744116636350406346,1159734
1744116637350744343,1744116637351879651,1135308
1744116638352009001,1744116638353286529,1277528
1744116639353558531,1744116639354715089,1156558
1744116640355018660,1744116640356174227,1155567
1744116641356165665,1744116641357243815,1078150
1744116642357252116,1744116642358482625,1230509
1744116643358762573,1744116643359995858,1233285
1744116644360321634,1744116644361603702,1282068
1744116645361909579,1744116645363177269,1267690
1744116646363513708,1744116646364663093,1149385
1744116647364530289,1744116647365672450,1142161
1744116648365825440,1744116648366973503,1148063
1744116649367410835,1744116649368516787,1105952
1744116650368508662,1744116650370196781,1688119
1744116651370253009,1744116651371317342,1064333
1744116652371062480,1744116652372164906,1102426
